日期,代號,狀態
2025-12-23,1735,注意股
2025-12-23,3008,注意股
2025-12-23,3057,注意股
2025-12-23,3167,注意股
2025-12-23,3323,注意股
2025-12-23,3324,注意股
2025-12-23,3363,注意股
2025-12-23,4729,注意股
2025-12-23,4909,注意股
2025-12-23,4916,注意股
2025-12-23,4931,注意股
2025-12-23,4979,注意股
2025-12-23,4991,注意股
2025-12-23,5309,注意股
2025-12-23,5498,注意股
2025-12-23,5522,注意股
2025-12-23,6134,注意股
2025-12-23,6218,注意股
2025-12-23,7402,注意股
2025-12-23,8021,注意股
2025-12-23,8033,注意股
2025-12-23,8039,注意股
2025-12-23,8431,注意股
2025-12-23,8996,注意股
2025-12-23,9938,注意股
2025-12-23,,注意股
2025-12-24,1727,注意股
2025-12-24,1735,注意股
2025-12-24,2383,注意股
2025-12-24,2408,注意股
2025-12-24,2413,注意股
2025-12-24,3057,注意股
2025-12-24,3236,注意股
2025-12-24,3354,注意股
2025-12-24,3450,注意股
2025-12-24,3499,注意股
2025-12-24,3701,注意股
2025-12-24,4304,注意股
2025-12-24,4909,注意股
2025-12-24,4967,注意股
2025-12-24,4977,注意股
2025-12-24,4979,注意股
2025-12-24,4991,注意股
2025-12-24,5508,注意股
2025-12-24,6155,注意股
2025-12-24,6244,注意股
2025-12-24,6414,注意股
2025-12-24,6442,注意股
2025-12-24,6706,注意股
2025-12-24,7402,注意股
2025-12-24,8033,注意股
2025-12-24,8042,注意股
2025-12-24,8074,注意股
2025-12-24,8299,注意股
2025-12-24,8996,注意股
2025-12-24,9937,注意股
2025-12-24,9938,注意股
2025-12-24,,注意股
2025-12-25,1727,注意股
2025-12-25,1735,注意股
2025-12-25,2383,注意股
2025-12-25,2408,注意股
2025-12-25,2413,注意股
2025-12-25,3057,注意股
2025-12-25,3236,注意股
2025-12-25,3354,注意股
2025-12-25,3450,注意股
2025-12-25,3499,注意股
2025-12-25,3701,注意股
2025-12-25,4304,注意股
2025-12-25,4909,注意股
2025-12-25,4967,注意股
2025-12-25,4977,注意股
2025-12-25,4979,注意股
2025-12-25,4991,注意股
2025-12-25,5508,注意股
2025-12-25,6155,注意股
2025-12-25,6244,注意股
2025-12-25,6414,注意股
2025-12-25,6442,注意股
2025-12-25,6706,注意股
2025-12-25,7402,注意股
2025-12-25,8033,注意股
2025-12-25,8042,注意股
2025-12-25,8074,注意股
2025-12-25,8299,注意股
2025-12-25,8996,注意股
2025-12-25,9937,注意股
2025-12-25,9938,注意股
2025-12-25,,注意股
2025-12-26,1735,注意股
2025-12-26,2413,注意股
2025-12-26,2493,注意股
2025-12-26,3006,注意股
2025-12-26,3057,注意股
2025-12-26,3131,注意股
2025-12-26,3167,注意股
2025-12-26,3354,注意股
2025-12-26,3450,注意股
2025-12-26,3701,注意股
2025-12-26,3715,注意股
2025-12-26,4304,注意股
2025-12-26,4768,注意股
2025-12-26,4967,注意股
2025-12-26,4979,注意股
2025-12-26,4989,注意股
2025-12-26,4991,注意股
2025-12-26,5498,注意股
2025-12-26,5907,注意股
2025-12-26,6127,注意股
2025-12-26,6163,注意股
2025-12-26,6218,注意股
2025-12-26,6419,注意股
2025-12-26,6426,注意股
2025-12-26,6442,注意股
2025-12-26,6515,注意股
2025-12-26,6706,注意股
2025-12-26,7717,注意股
2025-12-26,7751,注意股
2025-12-26,8042,注意股
2025-12-26,8043,注意股
2025-12-26,8111,注意股
2025-12-26,8299,注意股
2025-12-26,,注意股
2025-12-27,1735,注意股
2025-12-27,2413,注意股
2025-12-27,2493,注意股
2025-12-27,3006,注意股
2025-12-27,3057,注意股
2025-12-27,3131,注意股
2025-12-27,3167,注意股
2025-12-27,3354,注意股
2025-12-27,3450,注意股
2025-12-27,3701,注意股
2025-12-27,3715,注意股
2025-12-27,4304,注意股
2025-12-27,4768,注意股
2025-12-27,4967,注意股
2025-12-27,4979,注意股
2025-12-27,4989,注意股
2025-12-27,4991,注意股
2025-12-27,5498,注意股
2025-12-27,5907,注意股
2025-12-27,6127,注意股
2025-12-27,6163,注意股
2025-12-27,6218,注意股
2025-12-27,6419,注意股
2025-12-27,6426,注意股
2025-12-27,6442,注意股
2025-12-27,6515,注意股
2025-12-27,6706,注意股
2025-12-27,7717,注意股
2025-12-27,7751,注意股
2025-12-27,8042,注意股
2025-12-27,8043,注意股
2025-12-27,8111,注意股
2025-12-27,8299,注意股
2025-12-27,,注意股
2025-12-28,1735,注意股
2025-12-28,2413,注意股
2025-12-28,2493,注意股
2025-12-28,3006,注意股
2025-12-28,3057,注意股
2025-12-28,3131,注意股
2025-12-28,3167,注意股
2025-12-28,3354,注意股
2025-12-28,3450,注意股
2025-12-28,3701,注意股
2025-12-28,3715,注意股
2025-12-28,4304,注意股
2025-12-28,4768,注意股
2025-12-28,4967,注意股
2025-12-28,4979,注意股
2025-12-28,4989,注意股
2025-12-28,4991,注意股
2025-12-28,5498,注意股
2025-12-28,5907,注意股
2025-12-28,6127,注意股
2025-12-28,6163,注意股
2025-12-28,6218,注意股
2025-12-28,6419,注意股
2025-12-28,6426,注意股
2025-12-28,6442,注意股
2025-12-28,6515,注意股
2025-12-28,6706,注意股
2025-12-28,7717,注意股
2025-12-28,7751,注意股
2025-12-28,8042,注意股
2025-12-28,8043,注意股
2025-12-28,8111,注意股
2025-12-28,8299,注意股
2025-12-28,,注意股
2025-12-29,1528,注意股
2025-12-29,1815,注意股
2025-12-29,2211,注意股
2025-12-29,2413,注意股
2025-12-29,2762,注意股
2025-12-29,3092,注意股
2025-12-29,3260,注意股
2025-12-29,3354,注意股
2025-12-29,3406,注意股
2025-12-29,3444,注意股
2025-12-29,3450,注意股
2025-12-29,3663,注意股
2025-12-29,3669,注意股
2025-12-29,3701,注意股
2025-12-29,4304,注意股
2025-12-29,4768,注意股
2025-12-29,4909,注意股
2025-12-29,4927,注意股
2025-12-29,4989,注意股
2025-12-29,5274,注意股
2025-12-29,5340,注意股
2025-12-29,5475,注意股
2025-12-29,5498,注意股
2025-12-29,6205,注意股
2025-12-29,6234,注意股
2025-12-29,6414,注意股
2025-12-29,7402,注意股
2025-12-29,7610,注意股
2025-12-29,7717,注意股
2025-12-29,8033,注意股
2025-12-29,8074,注意股
2025-12-29,8111,注意股
2025-12-29,8299,注意股
2025-12-29,8996,注意股
2025-12-29,,注意股
2025-12-30,1528,注意股
2025-12-30,1721,注意股
2025-12-30,1815,注意股
2025-12-30,2027,注意股
2025-12-30,2211,注意股
2025-12-30,2344,注意股
2025-12-30,2408,注意股
2025-12-30,2413,注意股
2025-12-30,2493,注意股
2025-12-30,3006,注意股
2025-12-30,3092,注意股
2025-12-30,3167,注意股
2025-12-30,3260,注意股
2025-12-30,3354,注意股
2025-12-30,3444,注意股
2025-12-30,3481,注意股
2025-12-30,3499,注意股
2025-12-30,3661,注意股
2025-12-30,3663,注意股
2025-12-30,3701,注意股
2025-12-30,4909,注意股
2025-12-30,4979,注意股
2025-12-30,4989,注意股
2025-12-30,5475,注意股
2025-12-30,5498,注意股
2025-12-30,6205,注意股
2025-12-30,6265,注意股
2025-12-30,6442,注意股
2025-12-30,6443,注意股
2025-12-30,6770,注意股
2025-12-30,7402,注意股
2025-12-30,7610,注意股
2025-12-30,7717,注意股
2025-12-30,8021,注意股
2025-12-30,8033,注意股
2025-12-30,8043,注意股
2025-12-30,8068,注意股
2025-12-30,8074,注意股
2025-12-30,8088,注意股
2025-12-30,8271,注意股
2025-12-30,8438,注意股
2025-12-30,,注意股
2025-12-31,1528,注意股
2025-12-31,1721,注意股
2025-12-31,2027,注意股
2025-12-31,2413,注意股
2025-12-31,3006,注意股
2025-12-31,3092,注意股
2025-12-31,3114,注意股
2025-12-31,3135,注意股
2025-12-31,3167,注意股
2025-12-31,3260,注意股
2025-12-31,3264,注意股
2025-12-31,3308,注意股
2025-12-31,3363,注意股
2025-12-31,3444,注意股
2025-12-31,3481,注意股
2025-12-31,3701,注意股
2025-12-31,4768,注意股
2025-12-31,4967,注意股
2025-12-31,4979,注意股
2025-12-31,4989,注意股
2025-12-31,5475,注意股
2025-12-31,5498,注意股
2025-12-31,6205,注意股
2025-12-31,6233,注意股
2025-12-31,6265,注意股
2025-12-31,6442,注意股
2025-12-31,7728,注意股
2025-12-31,8021,注意股
2025-12-31,8068,注意股
2025-12-31,8299,注意股
2025-12-31,8422,注意股
2025-12-31,8438,注意股
2025-12-31,9938,注意股
2025-12-31,,注意股
2026-01-01,1528,注意股
2026-01-01,1721,注意股
2026-01-01,2027,注意股
2026-01-01,2413,注意股
2026-01-01,3006,注意股
2026-01-01,3092,注意股
2026-01-01,3114,注意股
2026-01-01,3135,注意股
2026-01-01,3167,注意股
2026-01-01,3260,注意股
2026-01-01,3264,注意股
2026-01-01,3308,注意股
2026-01-01,3363,注意股
2026-01-01,3444,注意股
2026-01-01,3481,注意股
2026-01-01,3701,注意股
2026-01-01,4768,注意股
2026-01-01,4967,注意股
2026-01-01,4979,注意股
2026-01-01,4989,注意股
2026-01-01,5475,注意股
2026-01-01,5498,注意股
2026-01-01,6205,注意股
2026-01-01,6233,注意股
2026-01-01,6265,注意股
2026-01-01,6442,注意股
2026-01-01,7728,注意股
2026-01-01,8021,注意股
2026-01-01,8068,注意股
2026-01-01,8299,注意股
2026-01-01,8422,注意股
2026-01-01,8438,注意股
2026-01-01,9938,注意股
2026-01-01,,注意股
2026-01-02,1528,注意股
2026-01-02,1721,注意股
2026-01-02,2027,注意股
2026-01-02,2344,注意股
2026-01-02,2408,注意股
2026-01-02,3006,注意股
2026-01-02,3008,注意股
2026-01-02,3092,注意股
2026-01-02,3135,注意股
2026-01-02,3260,注意股
2026-01-02,3264,注意股
2026-01-02,3308,注意股
2026-01-02,3363,注意股
2026-01-02,3455,注意股
2026-01-02,3481,注意股
2026-01-02,3535,注意股
2026-01-02,4304,注意股
2026-01-02,4749,注意股
2026-01-02,4772,注意股
2026-01-02,4967,注意股
2026-01-02,4979,注意股
2026-01-02,4989,注意股
2026-01-02,5351,注意股
2026-01-02,5452,注意股
2026-01-02,6205,注意股
2026-01-02,6265,注意股
2026-01-02,6770,注意股
2026-01-02,7728,注意股
2026-01-02,7734,注意股
2026-01-02,8068,注意股
2026-01-02,8358,注意股
2026-01-02,8422,注意股
2026-01-02,8431,注意股
2026-01-02,8438,注意股
2026-01-02,,注意股
2026-01-03,1528,注意股
2026-01-03,1721,注意股
2026-01-03,2027,注意股
2026-01-03,2344,注意股
2026-01-03,2408,注意股
2026-01-03,3006,注意股
2026-01-03,3008,注意股
2026-01-03,3092,注意股
2026-01-03,3135,注意股
2026-01-03,3260,注意股
2026-01-03,3264,注意股
2026-01-03,3308,注意股
2026-01-03,3363,注意股
2026-01-03,3455,注意股
2026-01-03,3481,注意股
2026-01-03,3535,注意股
2026-01-03,4304,注意股
2026-01-03,4749,注意股
2026-01-03,4772,注意股
2026-01-03,4967,注意股
2026-01-03,4979,注意股
2026-01-03,4989,注意股
2026-01-03,5351,注意股
2026-01-03,5452,注意股
2026-01-03,6205,注意股
2026-01-03,6265,注意股
2026-01-03,6770,注意股
2026-01-03,7728,注意股
2026-01-03,7734,注意股
2026-01-03,8068,注意股
2026-01-03,8358,注意股
2026-01-03,8422,注意股
2026-01-03,8431,注意股
2026-01-03,8438,注意股
2026-01-03,,注意股
2026-01-04,1528,注意股
2026-01-04,1721,注意股
2026-01-04,2027,注意股
2026-01-04,2344,注意股
2026-01-04,2408,注意股
2026-01-04,3006,注意股
2026-01-04,3008,注意股
2026-01-04,3092,注意股
2026-01-04,3135,注意股
2026-01-04,3260,注意股
2026-01-04,3264,注意股
2026-01-04,3308,注意股
2026-01-04,3363,注意股
2026-01-04,3455,注意股
2026-01-04,3481,注意股
2026-01-04,3535,注意股
2026-01-04,4304,注意股
2026-01-04,4749,注意股
2026-01-04,4772,注意股
2026-01-04,4967,注意股
2026-01-04,4979,注意股
2026-01-04,4989,注意股
2026-01-04,5351,注意股
2026-01-04,5452,注意股
2026-01-04,6205,注意股
2026-01-04,6265,注意股
2026-01-04,6770,注意股
2026-01-04,7728,注意股
2026-01-04,7734,注意股
2026-01-04,8068,注意股
2026-01-04,8358,注意股
2026-01-04,8422,注意股
2026-01-04,8431,注意股
2026-01-04,8438,注意股
2026-01-04,,注意股
2026-01-05,1304,注意股
2026-01-05,2027,注意股
2026-01-05,2059,注意股
2026-01-05,2344,注意股
2026-01-05,3006,注意股
2026-01-05,3092,注意股
2026-01-05,3135,注意股
2026-01-05,3163,注意股
2026-01-05,3260,注意股
2026-01-05,3264,注意股
2026-01-05,3308,注意股
2026-01-05,3360,注意股
2026-01-05,3363,注意股
2026-01-05,3443,注意股
2026-01-05,3450,注意股
2026-01-05,3455,注意股
2026-01-05,3481,注意股
2026-01-05,3491,注意股
2026-01-05,3535,注意股
2026-01-05,3580,注意股
2026-01-05,3623,注意股
2026-01-05,3624,注意股
2026-01-05,3680,注意股
2026-01-05,4304,注意股
2026-01-05,4772,注意股
2026-01-05,4967,注意股
2026-01-05,5351,注意股
2026-01-05,6223,注意股
2026-01-05,6265,注意股
2026-01-05,6461,注意股
2026-01-05,6640,注意股
2026-01-05,6706,注意股
2026-01-05,6770,注意股
2026-01-05,6776,注意股
2026-01-05,7728,注意股
2026-01-05,8028,注意股
2026-01-05,8068,注意股
2026-01-05,8299,注意股
2026-01-05,8358,注意股
2026-01-05,8422,注意股
2026-01-05,8438,注意股
2026-01-05,9938,注意股
2026-01-05,,注意股
2026-01-06,1727,注意股
2026-01-06,2337,注意股
2026-01-06,2344,注意股
2026-01-06,2408,注意股
2026-01-06,3006,注意股
2026-01-06,3135,注意股
2026-01-06,3163,注意股
2026-01-06,3260,注意股
2026-01-06,3308,注意股
2026-01-06,3481,注意股
2026-01-06,3535,注意股
2026-01-06,3623,注意股
2026-01-06,3680,注意股
2026-01-06,4304,注意股
2026-01-06,4720,注意股
2026-01-06,4967,注意股
2026-01-06,5245,注意股
2026-01-06,5289,注意股
2026-01-06,5351,注意股
2026-01-06,6127,注意股
2026-01-06,6155,注意股
2026-01-06,6245,注意股
2026-01-06,6265,注意股
2026-01-06,6270,注意股
2026-01-06,6515,注意股
2026-01-06,6706,注意股
2026-01-06,6770,注意股
2026-01-06,7728,注意股
2026-01-06,8043,注意股
2026-01-06,8110,注意股
2026-01-06,8131,注意股
2026-01-06,8240,注意股
2026-01-06,8299,注意股
2026-01-06,8358,注意股
2026-01-06,8438,注意股
2026-01-06,8996,注意股
2026-01-06,,注意股
